<?xml version="1.0" encoding="UTF-8"?>
<metadata xml:lang="es"><Esri><CreaDate>20231026</CreaDate><CreaTime>13580300</CreaTime><ArcGISFormat>1.0</ArcGISFormat><SyncOnce>TRUE</SyncOnce><DataProperties><lineage><Process ToolSource="c:\program files (x86)\arcgis\desktop10.8\ArcToolbox\Toolboxes\Geostatistical Analyst Tools.tbx\CreateSpatiallyBalancedPoints" Date="20231026" Time="135803">CreateSpatiallyBalancedPoints bkg_0 10000 "C:\Users\SELVA\OneDrive - Universidad Nacional de Colombia\Escritorio\CAMILA\Breeding_3\Breeding_3\nuevos\BKG_coords.shp"</Process></lineage></DataProperties></Esri></metadata>
